id,screen_name,description,affliation
2962813893,RepStefanik,"Official Twitter Account for Congresswoman Elise Stefanik, proudly representing New York's 21st District.",republican
1058256326,RepChrisCollins,Proud to represent New York‚Äôs 27th Congressional District. Focused on less spending in Washington and more jobs in America. Member of @HouseCommerce,republican
17494010,SenSchumer,Official account of Senator Chuck Schumer - New York‚Äôs Senator RT‚â†endorsement,democrat
2955485182,SenatorRounds,U.S. Senator for South Dakota,republican
339852137,SupJaniceHahn,Proudly representing the 4th District of Los Angeles County on the Board of Supervisors.,democrat
90484508,GovChristie,Official Twitter Account of the 55th Governor of New Jersey. Husband and proud father of four.,republican
248699486,RepJeffDenham,Working for the people of California's 10th district in the U.S. House of Representatives. http://t.co/8CkNyoIDFU,republican
16583468,RepMikeHonda,Former Congressman for 17th District of California and Silicon Valley (2001-2017),democrat
235312723,DesJarlaisTN04,Republican Congressman for Tennessee's 4th Congressional District.,republican
607332953,WVGovernor,Jim Justice is the 36th Governor of the State of West Virginia. Account run by the Governor's Office. Tweets from Governor Justice signed -JJ.,democrat
21406834,SenMarkey,"Official account for Senator Edward J. Markey. National leader on energy, environment, climate, telecom. Voice for consumer protection. https://t.co/nfYWzVp6R8",democrat
194233791,GovMaryFallin,Official Twitter account of Oklahoma Governor Mary Fallin.,republican
134249298,byronNME,"#BlackLivesMatter, Philosopher, Feminist, Anarcho-Communist, Autistic, #LGBTQIA friend, Artist, Anti-Fascist, Cat dad, writer, radical",democrat
21157904,SenatorBurr,"U.S. Senator from North Carolina, Chairman of the Senate Select Committee on Intelligence",republican
2964526557,RepAlexMooney,Official account for Congressman Alex Mooney representing the 2nd district of West Virginia. Congressman Mooney serves on the House Financial Services Committee,republican
1069124515,RepLaMalfa,"Representing California's First District including Siskiyou, Shasta, Tehama, Butte, Glenn, Modoc, Lassen, Plumas, Sierra, Nevada and Placer Counties",republican
23593446,davidcicilline,Serving Rhode Island's First District in Congress. Co-Chair of DPCC. #Resist,democrat
124224165,RepFredUpton,"Husband, Dad, and proud to represent Michigan's 6th District. Chairman of the Subcommittee on Energy.",republican
16789970,SenatorReid,Former Senator from the great state of Nevada.,democrat
231510077,JoaquinCastrotx,"Texas Congressman, Member of the House Foreign Affairs and House Intelligence Committees",democrat
237348797,TGowdySC,Official account of U.S. Congressman Trey Gowdy. Representing the Fourth District of South Carolina.,republican
1045853744,RepLukeMesser,"Husband to a wonderful wife, father of three great kids, Congressman for Indiana's 6th Congressional District, lifelong Hoosier, and a die-hard #Colts fan.",republican
1071840474,RepSchneider,Proud to represent the people of Illinois's 10th Congressional District,democrat
234822928,RepBobGibbs,R-OH https://t.co/2BckMkGpZV,republican
818460870573441028,Rep_Tom_Garrett,,republican
995193054,RepDelBene,U.S. Congresswoman representing Washington's 1st Congressional District (#WA01),democrat
19929362,RepJoeBarton,I work for the people of the 6th District of Texas and am honored to represent them in Washington.,republican
15985455,GovPenceIN,This is an archive of former Indiana Governor Mike Pence's account.,republican
234797704,AustinScottGA08,I am proud to represent the 8th Congressional District of Georgia.,republican
248850174,RepMeehan,Proudly representing Pennsylvania's 7th District in the U.S. House of Representatives,republican
231592153,PhilBryantMS,A strong fiscal conservative dedicated to efficiency and accountability in government.,republican
975200486,RepThomasMassie,U.S. Representative for Kentucky's 4th District,republican
2975350155,RepMarkTakai,"Aloha!  Welcome to the official Twitter for Congressman Mark Takai (HI-01) -- husband, father, Hawaii National Guard veteran, public servant.",democrat
1074101017,SusanWBrooks,Serving the good people of Indiana‚Äôs 5th District in Congress.,republican
516880804,BettyMcCollum04,Proudly representing Minnesota's Fourth District in the United States House of Representatives.,democrat
818472418620608512,RepAlLawsonJr,"This is the official twitter account for U.S. Rep. Al Lawson, Jr., FL-5",democrat
6577802,RepTomPrice,"Former U.S. Representative for Georgia's 6th Congressional District. 

Current @HHSGov Secretary. Follow me @SecPriceMD.

This is an archived account.",republican
29201047,SenJeffMerkley,U.S. Senator from the State of Oregon. Instagram: https://t.co/pECsFBm1G1,democrat
213795411,GovWalker,"Official Twitter Account of the 45th Governor of the State of Wisconsin, Scott Walker.",republican
33537967,amyklobuchar,"U.S. Senator from Minnesota. Follows, Retweets, Replies ‚â† endorsement",democrat
1058807868,RepDeSantis,The Official Twitter account for Congressman DeSantis. Proudly representing Florida's 6th District. Stay connected through Facebook at http://t.co/WKpKHHXK!,republican
18023868,MassGovernor,Official account of Governor Charlie Baker of Massachusetts.,republican
2863006655,RepLawrence,"Congresswoman for Michigan's 14th District: Detroit, Southfield, Oakland and Wayne Counties.",democrat
384913290,RepJohnYarmuth,"Official Twitter Account for Congressman John Yarmuth, representing the 3rd Congressional District of Kentucky.",democrat
198526130,RepJoePitts,Joe Pitts represents the 16th Congressional District of Pennsylvania: http://t.co/NpQGE161wQ,republican
834069080,RepDavidRouzer,Congressman from North Carolina's 7th Congressional district,republican
479872233,RepRoybalAllard,"Congresswoman Lucille Roybal-Allard, proudly representing the 40th District of California. Follow me at http://t.co/KjVfmF9CaM & http://t.co/Urj0zPAr8d.",democrat
109287731,SenatorShaheen,Proud Granite Stater serving New Hampshire in the US Senate. Former Governor. Mother & Grandmother. Frequent Flyer. Pats & Red Sox Fan. Outdoor enthusiast.,democrat
155669457,RepDavidEPrice,"I represent NC's 4th Congressional District, including parts of Orange, Wake, and Durham Counties.",democrat
37666984,nikkihaley,United States Ambassador to the United Nations,republican
2974648323,SteveKnight25,Proudly representing California's 25th Congressional District.,republican
266133081,SenDeanHeller,U.S. Senator Dean Heller,republican
236916916,RepJimRenacci,Serving my fourth term representing the great people of the 16th district of Ohio in the House of Representatives,republican
38254095,DorisMatsui,Representing California's 6th Congressional District - including the capital city of Sacramento. Member of the Energy and Commerce Committee.,democrat
19726613,SenatorCollins,"United States Senator from Maine. 

All tweets originate from the Press Office of Senator Susan Collins.",republican
18166778,Jim_Jordan,Proudly serving Ohio's beautiful fourth district.,republican
216481299,GovMarkDayton,"Check here for updates from the Office of Governor Mark Dayton, Minnesota's 40th Governor.",democrat
31801993,FrankPallone,"The official Twitter account of Congressman Frank Pallone, Jr. (D), of New Jersey's 6th district, Ranking Member of @EnergyCommerce Committee.",democrat
19028248,DavidVitter,U.S. Senator for the State of Louisiana https://t.co/7ZgsUS7JQF,republican
235217558,SenCoryGardner,Proudly serving the state of Colorado in the United States Senate. This is my official Senate Twitter account.,republican
2962923040,SenSasse,The press office account of U.S. Sen. Sasse. His (less political/hopefully more interesting) personal account is @ BenSasse.,republican
824281456079933442,RepBecerra,@RepBecerra followers: Please note that the official Twitter account for California Attorney General Xavier Becerra is now @AGBecerra.,democrat
24745957,RepHankJohnson,"I fight for justice, civil rights and working people the world over.",democrat
15856366,LamarSmithTX21,"I represent the 21st District of TX in Congress and Chair the Science, Space, and Technology Committee. Join me: https://t.co/mIljMWAOmi",republican
117839957,hickforco,Colorado Governor John Hickenlooper's personal twitter account. Follow my official Governor's account @GovOfCO,democrat
1060487274,RepDougCollins,"Working for Georgia's 9th Congressional District. Pastor, Attorney, Military Chaplain. Find me @HouseJudiciary when in session, beautiful #GA09 all other times.",republican
29766367,RepSamGraves,Proudly representing Missouri's Sixth Congressional District,republican
221162525,SenToomey,Official Twitter account for Pat Toomey. Husband. Father. U.S. Senator for Pennsylvania.,republican
240427862,RepMcKinley,Proud to serve the First District of West Virginia in the U.S. House of Representatives. Member of the Energy and Commerce Committee. Staff-run account,republican
153486399,RepMarciaFudge,"I work on behalf of the people of the 11th District to create jobs, promote quality education, improve access to health care and protect civil rights for all.",democrat
819744763020775425,RepJenniffer,official account by the Congresswoman of Puerto Rico representing 3.4 million U.S. citizens in Congress @HouseSmallBiz @HouseVetAffairs @NatResources @HouseGOP,republican
2916086925,RepAdams,Congresswoman. Educator. Artist.,democrat
236899846,RepRichardHanna,"A self-made businessman, husband and father committed to representing the people of New York's 22nd Congressional District.",republican
1051127714,RepGraceMeng,"Representing NY's 6th Congressional District - Parts of West, Central and Northeast Queens.

For specific questions or concerns, please contact my office.",democrat
235271965,RepStevePearce,I represent New Mexico's 2nd Congressional District.  I am fighting to create jobs in NM and voice New Mexicans' other concerns in Washington.,republican
1074518754,SenatorBaldwin,"Official Twitter account of United States Senator Tammy Baldwin's office, proudly working for the State of Wisconsin. Tweets from Tammy are signed -TB.",democrat
15394954,boblatta,Representing #OH5. Deputy Whip. Member of @HouseCommerce Committee. Chairman of the Digital Commerce & Consumer Protection Subcommittee.,republican
248735463,RepBarbaraLee,"Progressive Democrat proudly representing the #EastBay CA-13 in Congress. Working to promote economic & racial justice, peace & human rights in the US & abroad.",democrat
2303719598,GovMattMead,Official Twitter Account of Governor Matt Mead. Wyoming's 32nd Governor. http://t.co/ffUVx18jJp,republican
1128781184,RepMurphyFL,"Rep. Patrick E. Murphy represents Martin, St. Lucie, and northern Palm Beach counties in the U.S. House of Representatives.",democrat
2861616083,USRepGaryPalmer,Proudly serving the people of Alabama's 6th Congressional District.,republican
20552026,RepPerlmutter,"Member of Congress, proudly representing the 7th District of Colorado https://t.co/wLRJaGd9rX",democrat
41533245,aguilarpete,Dad. Husband. Former pothole filling Mayor and newly elected Representative of California's 31st district. Living the dream. Personal account,democrat
1061292174,RepJeffMiller,Congressman Jeff Miller represents Florida's First Congressional District.  He serves as Chairman of the House VA Committee.,republican
933261786,PeacockPanache,Politics | LGBTQ Activism | Church/State Issues | Women's Rights | and More,democrat
432771620,RepSusanDavis,Proudly representing the 53rd Congressional District of California. Serves on Armed Services and Ed & Workforce Committees,democrat
2966570782,RepRubenGallego,Proud representative of Arizona's 7th Congressional District,democrat
2847221717,RepRatcliffe,@HouseHomeland Cybersecurity Subcommittee Chairman & former federal prosecutor on @HouseJudiciary proudly representing Texas' 4th District. RTs ‚â† endorsements,republican
78445977,GerryConnolly,Proudly representing Virginia's 11th District,democrat
1243902714,JuliaBrownley26,U.S. Representative from California's 26th District.,democrat
40302336,RepJerryNadler,Representing parts of Manhattan and Brooklyn. I serve on the House Judiciary + Transportation & Infrastructure committees. Follow me at http://t.co/eAS0pRYbYu,democrat
15361570,jaredpolis,"father, entrepreneur,education policy, baseball, tech, politics, gaymer - My day job is representing the most beautiful Congressional district in the country",democrat
234141596,GovMalloyOffice,Official account of the Office of Connecticut Governor Dannel P. Malloy. Tweets are from office staff.,democrat
115676070,collinpeterson,"This is the official Twitter account for Peterson For Congress, the campaign to reelect Congressman Collin C. Peterson for the 7th District of Minnesota.",democrat
2433737761,RepHastingsFL,Congressman Alcee L. Hastings represents parts of Broward and Palm Beach counties in the U.S. House of Representatives.,democrat
818536152588238849,RepGonzalez,,democrat
16056306,JeffFlake,Senator from Arizona,republican
34340464,RandyNeugebauer,"Former U.S. Representative of the 19th District of Texas, proud husband, father and grandfather, and avid fisherman.",republican
14845376,GrahamBlog,Twitter feed for U.S. Senator Lindsey Graham of South Carolina.,republican
1404269089,MattBevin,"Christian, Husband, Father, Veteran",republican
13218102,JohnCornyn,Honored to represent the great state of Texas in the US Senate.,republican
48086014,chakafattah,"Father. Husband. 20+year Former Congressman. Fattah Neuroscience Initiative ,GEARUP, AOTC & CORE Scholars / 25 Million + Helped /More to come !",democrat
960962340,RepAndyHarrisMD,"Proud to serve the people of MD-1; Anesthesiologist; Father to Joe, Becky, Irene, Jessica, & Danny; Grandfather to Charles, Abigail, Arthur, & Andrew.",republican
14275291,RosLehtinen,Blessed to rep beautiful South Florida and the wonderful folks who live here!,republican
233949261,RepHuizenga,I serve the people of the 2nd District of Michigan. Member of Financial Services Committee. Father of 5. Visit http://t.co/Rj7T6mD76d for even more!,republican
1155335864,RepDonaldPayne,Proudly serving New Jersey's 10th Congressional District,democrat
24735461,PeteSessions,I proudly represent the people of Texas' 32nd Congressional District and serve as the Chairman of the House Committee on Rules.,republican
18909919,JimLangevin,Congressman for Rhode Island's   Second District,democrat
2696643955,RepMoolenaar,Representing Michigan's Fourth Congressional District. This is the Twitter page of the official House office.,republican
20597460,SenBillNelson,U.S. Sen. Bill Nelson is the senior senator from the state of Florida.,democrat
39525554,GovernorBentley,Governor of Alabama. Won't accept a paycheck until AL reaches Full Employment. Physician. Dad. Papa. Great people make Alabama a #GreatState Tweets by Gov- GRB,republican
234014087,RepWilson,"Former educator & state legislator; founder & chair of FL Ports Caucus; founder of 5000 Role Models Project, a dropout prevention program for boys of color",democrat
56864092,RepMikeQuigley,"#IL05 Congressman, House Appropriator, member of Intel Committee, amateur hockey player & hopeful Cubs fan http://t.co/zL9fkzy188  http://t.co/FMe57EKfsC",democrat
48117116,SteveKingIA,Representing the 4th District of Iowa #IA04,republican
172858784,timkaine,U.S. Senator from Virginia. Husband and father of 3. Avid reader and outdoorsman. Bluegrass and harmonica enthusiast.,democrat
30231573,bennydiego,üá∫üá∏ The power of the people is always stronger than the people in power. üìé #Resistance ‚ùÑ Snowflakes are Beautiful ‚ùÑÔ∏è #TuckFrump üí© #NotNormal üé™,democrat
94492750,jbspharmd,"Human, Father, Husband, Healthcare Professional
#UniteBlue, #SinglePayer, #GetMoneyOut, #ClimateAction, #FeelTheBern, #HumanRights #BlackLivesMatter #NoDAPL",democrat
161791703,BobbyScott,"Proudly representing Virginia's 3rd Congressional District. Ranking Member, Committee on Education and the Workforce @edworkforcedems.",democrat
158398519,RepSamFarr,"Honored to serve CA's Central Coast in Congress. Returned @PeaceCorps Volunteer, amateur photographer & top Dem on House Agriculture Appropriations Subcommittee",democrat
131546062,FLGovScott,Florida's 45th Governor - My goal is to make Florida first in job creation.,republican
2933760046,RepComstock,Honored To Represent Virginia‚Äôs 10th Congressional District. Attorney ‚Ä¢ Legislator ‚Ä¢ Mom,republican
88784440,SenMikeLee,I am a United States Senator from the great state of Utah. Please help me restore constitutional leadership to Washington!,republican
240760644,RepGosar,Rep. for Arizona's 4th Congressional District. Chairman of @westerncaucus & Subcommittee on Energy & Minerals @NatResources. Dentist impersonating a politician.,republican
733672650120253440,JRutherfordFL,Congressman FL-04,republican
976969338,RepDaveJoyce,"Father, husband, and former prosecutor proudly representing #OH14",republican
787373558,RepCummings,"U.S. Representative from Maryland's 7th District, dedicated to serving and empowering the people I‚Äôm sworn to represent. RT's and Follows are not endorsements.",democrat
2891165960,GovRicketts,40th Governor of Nebraska,republican
3018670151,RepPeteAguilar,"Pete Aguilar represents CA‚Äôs 31st Congressional District. A former mayor, Rep. Aguilar is committed to strengthening the Inland Empire‚Äôs middle class.",democrat
1058717720,RepAnnieKuster,Honored to serve the people of New Hampshire‚Äôs Second District in Congress.,democrat
11651202,SteveDaines,Serving the people of Montana in the U.S. Senate.,republican
950783972,RepBera,"Ami Bera M.D., representing Sacramento County, California #CA7 in the U.S. House of Representatives.",democrat
82453460,BennieGThompson,,democrat
299883942,CongPalazzo,I proudly represent the Fourth Congressional District of Mississippi. For more information on my work in Congress please visit http://t.co/Ue63OYLp.,republican
267938462,RepZoeLofgren,"Member of Congress Proudly Representing CA's 19th Congressional District in Silicon Valley's cities of San Jose, Morgan Hill & Gilroy",democrat
1222257180,RepCardenas,Proud to represent California's 29th District - the San Fernando Valley - in U.S. Congress. Member of @HouseCommerce; Democratic Assistant Whip.,democrat
555474658,SenThadCochran,Office of U.S. Senator Thad Cochran of Mississippi.,republican
1339931490,RepRobinKelly,"Official Twitter account for Robin Kelly, U.S. Representative #IL02.",democrat
946549322,SenatorHassan,This is the official Twitter account of U.S. Senator Maggie Hassan of New Hampshire.,democrat
22669526,RepGwenMoore,"Proudly representing Wisconsin‚Äôs 4th Congressional District; mother, grandmother; loves poetry, reading, knitting and crocheting.",democrat
111635527,RepGeneGreen,Proudly serving the 29th Congressional District of Texas in Houston & East Harris County since 1993; Proud father of 2 & grandfather of 4; Texans & Astros fan,democrat
2966758114,RepRussell,Proudly serving the Fifth District of Oklahoma in Congress.,republican
34308692,GovJayNixon,"Missouri‚Äôs 55th Governor, lawyer, husband, and father.  Eternal optimist, sports fan, relentless booster for the outdoors and all things #Missouri",democrat
210926192,RepCuellar,Serving the 28th District of Texas in U.S. House of Representatives,democrat
20217019,dougducey,Governor of Arizona,republican
24913074,RepSpeier,"Represents California's 14th Congressional District. House Armed Services Committee, House Permanent Select Committee on Intelligence. https://t.co/gGH33BRdP5",democrat
20467163,VernBuchanan,U.S. Congressman,republican
88806753,RepGaramendi,"Congressman for California's 3rd Congressional District, former Lieutenant Governor, Insurance Commissioner, Deputy Interior Secretary, state legislator",democrat
584012853,RepDLamborn,"Republican Congressman for Colorado's 5th Congressional District. For regular email updates, sign-up at https://t.co/aVNY6LkLMd",republican
212262370,SenDanCoats,Former U.S. Senator of Indiana,republican
404132211,RepRickLarsen,"Born and raised in Arlington, Wash.
Ranking Member, Aviation Subcommittee",democrat
26778110,RepWalterJones,Congressman Walter B. Jones represents the Third Congressional District of North Carolina #NC03,republican
108376246,LorettaSanchez,,democrat
339822881,McConnellPress,The Kentucky press office for Senator Mitch McConnell. For more information please visit his website:,republican
15600527,RepShimkus,I represent the 15th Congressional District of Illinois and Chair the @HouseCommerce Environment Subcommittee.,republican
233737858,SenRonJohnson,Chairman of the Homeland Security and Governmental Affairs Committee & the Subcommittee on Europe & Regional Security Cooperation. Tweets from Ron are signed‚Äìrj,republican
278145569,MarshaBlackburn,I am honored to serve the people of Tennessee's 7th District.,republican
1058520120,SenDuckworth,"Official Twitter account for Tammy Duckworth's Senate office. Posts by staff unless signed - TD. For more information, visit",democrat
19658173,RepLynnJenkins,Proud to represent the 2nd District of Kansas | CPA,republican
1531521632,RepBeatty,"Official Twitter account for Congresswoman Joyce Beatty, representing Ohio's Third Congressional District in the U.S. House of Representatives.",democrat
161411080,gracenapolitano,Congresswoman from California's 32nd Congressional District in the US House of Representatives,democrat
263815367,DelegateDonna,Retired from Congress after 9 terms; 1st female physician in Congress;1st female to represent an offshore Territory; chaired CBC Health Braintrust for 16 yrs,democrat
41417564,RepSmucker,Representing the people of PA-16 in the U.S. House of Representatives. Husband & father.,republican
2966205003,RepMarkWalker,Member of the U.S. Congress & Chairman of the @RepublicanStudy Committee. Proudly representing the 6th District of North Carolina.,republican
18967498,CongressmanGT,I have the distinct honor and privilege to represent and serve the citizens of Pennsylvania's 5th Congressional District. #PA05,republican
42337890,Scotttaylorva,"Dad, Warrior Diplomat, U.S. Congressman VA-02, former Virginia House of Delegates. Author of Trust Betrayed, Navy SEAL, Iraq war.",republican
30216513,BradSherman,Proudly serving California's San Fernando Valley in the U.S. Congress. Admission: Some tweets are prepared by my staff on my behalf. RTs are not an endorsement.,democrat
23712174,GreggHarper,Devoted husband. Loving father. Principled conservative.,republican
23124635,TomColeOK04,Proud to represent the Fourth District of Oklahoma in the U.S. House of Representatives. Staff moderated unless signed by me. -TC,republican
47798449,RepMimiWalters,"Wife, mother of 4 awesome children, and U.S. Congresswoman proudly serving #CA45.",republican
247334603,SenatorDurbin,Serving the people of Illinois. Senate Democratic Whip. Follows/RTs do not equal an endorsement.,democrat
817076257770835968,RepEspaillat,U. S. Representative proudly serving New York‚Äôs 13th Congressional District. Follow my work in Washington and #NY13,democrat
2970279814,RepDebDingell,"Proudly serving the people of Michigan's 12th Congressional District.
http://t.co/e7qwdRk0zg
http://t.co/q9q7Jj0s26",democrat
117501995,SenatorCantwell,"U.S. Senator from Washington State | Tweets from Maria are signed ‚ÄìMC | Facebook:https://t.co/qLmMk10nJI
RT‚â†endorsement",democrat
3143431748,CantwellPress,This open twitter account for your most wanted porn material film star.,democrat
33655490,RepDennisRoss,"Husband, Father, and Conservative Republican Congressman serving Florida's 15th Congressional District. https://t.co/IXwSnVOJw5",republican
960696949,RepGarrett,"Representing #NJ05.  Fighting for the Constitution, to control spending, and expand liberty and opportunity.",republican
1382011333,USRepRodney,Proudly serving the 11th Congressional District of New Jersey in the U.S. House of Representatives.,republican
462143773,RepCicilline,Tweets from the press office of Congressman David N. Cicilline (D-RI).,democrat
1061385474,RepLujanGrisham,"Proudly serving New Mexico's 1st Congressional District. Serving on House Agriculture, Budget and Oversight & Government Reform Committees.",democrat
240363117,RepTomMarino,Proud to serve citizens of PA-10. Member on @HouseForeign @HouseHomeland @HouseJudiciary & Vice President of @NATO Parliamentary Assembly,republican
21269970,RoyBlunt,Official account of U.S. Senator Roy Blunt. Honored to represent the great state of Missouri.,republican
3122099613,DonaldNorcross,Representing New Jersey's 1st Congressional District in the United States House of Representatives,democrat
817138492614524928,RepTedBudd,Proudly serving the 13th district of North Carolina. #NC13,republican
113036476,onetoughnerd,48th Governor of Michigan. Self-proclaimed nerd. The nation's token-CPA governor.  Working hard to reinvent Michigan through Relentless Positive Action.,republican
30354991,KamalaHarris,"Senator for California. Former CA Attorney General. Dedicated to fighting for justice & giving voice to the voiceless. Wife, s-mom, sister, aunt. Aspiring chef.",democrat
242926427,HerreraBeutler,"I'm proud to have grown up in SW WA, and honored to represent this wonderful region in the US Congress. Want regular email updates? http://t.co/sZutp93Fhg",republican
2916915026,GovHawaii,"The official Twitter account of Hawaii's Governor David Ige. Updated by staff. To contact our office, visit https://t.co/BMCpRNf9kG",democrat
3317799825,RepTrentKelly,Proudly serving Mississippi's First Congressional District in the U.S. House of Representatives,republican
26424123,RepMcCaul,News from Congressman Michael McCaul (R-TX 10) and his Press Office,republican
15808765,CoryBooker,U.S. Senator from New Jersey,democrat
747806211983179776,RepMikeCapuano,Representing MA's 7th District in the U.S. House of Representatives; former Mayor of Somerville. https://t.co/W9wgyLij84,democrat
1058051748,TXRandy14,Representative for the 14th Congressional District of Texas.  http://t.co/3YiUH4dPNE | Instagram: TXRandy14,republican
234812598,RepLarryBucshon,Congressman representing Hoosiers from #IN08. Doctor. Member of @HouseCommerce. https://t.co/4eq38gWLlg,republican
240812994,RepYvetteClarke,"U.S. Rep. serving NY's 9th Congressional district. Chair, Multicultural Media Caucus; Co-Chair, Black Women & Girls Caucus; Co-Chair, Caribbean Caucus.",democrat
1072467470,RepSeanMaloney,Proud to represent New York's 18th Congressional District,democrat
1071402577,SenatorFischer,U.S. Senator and Cherry County rancher working to bring some Nebraska common sense to Washington,republican
322013313,LuisGutierrez,"Political account of Luis V. Gutierrez, Member of Congress from Illinois, immigration reform leader in the House, and author of Still Dreaming.",democrat
50452197,RepJohnLarson,Member of Congress representing the First Congressional District of Connecticut.,democrat
18915145,senrobportman,United States Senator from the Buckeye State.,republican
33563161,RepJoseSerrano,"Congressman representing the South Bronx, New York.",democrat
20545793,RepSchrader,Proudly representing Oregon's 5th Congressional District,democrat
37007274,repdonyoung,"Merchant Marine, Teacher, State Rep, State Senator and finally Congressman for all Alaska for the last 42 years.",republican
193794406,SenCapito,Proudly serving West Virginia in the United States Senate.,republican
89193992,govsambrownback,Official Twitter page for Kansas Governor Sam Brownback. Tweets from the Governor are signed -SDB. #ksleg,republican
232992031,USRepKeating,Welcome to the official Twitter page of Congressman Bill Keating!,democrat
112740986,RepRonKind,Member of the U.S. House of Representatives from Wisconsin's Third Congressional District.,democrat
1096059529,SenatorRisch,United States Senator Jim Risch (R-ID),republican
993153006,RodneyDavis,Proudly representing the 13th Congressional District of Illinois.,republican
1260172386,RepJuanVargas,"Official Twitter account of Rep. Vargas, representing southern San Diego County, all of Imperial County and California's entire US/Mexico border. #CA51",democrat
816683274076614656,SenJohnKennedy,The official Twitter page for U.S. Senator John N. Kennedy (R-La) https://t.co/4ceoNzx1Ck,republican
15764644,NancyPelosi,"Democratic Leader, focused on strengthening America's middle class and creating jobs; mother, grandmother, dark chocolate connoisseur.",democrat
161743731,RepKayGranger,Congresswoman Kay Granger represents the 12th District of Texas. She is the Chairwoman of the House Appropriations Defense Subcommittee.,republican
137823987,BlumenauerMedia,Rep. Earl Blumenauer (OR-03) congressional account. Tweets are by staff.,democrat
14135426,keithellison,"Member of Congress from Minnesota's Fifth District. Co-Chair, @USProgressives. Host of We The Podcast. Subscribe here: https://t.co/NSnxwreA3H",democrat
2856787757,SenJoniErnst,Follow for news and updates from the Office of Iowa Senator Joni K. Ernst. Tweets from Joni are signed JKE.,republican
1055685948,USRepRickNolan,"This is the official Twitter account for U.S Congressman Rick Nolan, proudly serving the people of Minnesota's 8th Congressional District.",democrat
233761277,CongHuelskamp,Real Conservative: represented Kansas' First District in the U.S. House.,republican
1074412920,RepPaulCook,Twenty-six year retired @USMC Colonel serving as a United States Congressman from California's 8th Congressional District. Join the conversation #CA08 #Semperfi,republican
13491312,RepTimRyan,"Congressman Tim Ryan, proudly serving Ohio's 13th District in the United States Congress",democrat
1072382221,RepMattSalmon,Proudly representing the 5th District of #AZ in Congress #AZ05 Visit my page at https://t.co/eZcoayceBJ,republican
22545491,KenCalvert,Official Twitter Account for U.S. Representative Ken Calvert (CA-42),republican
21111098,SenShelby,The official Twitter page for U.S. Senator Richard Shelby (R-Ala.) https://t.co/YqOy54UpSf,republican
18632666,JerryMoran,Proud to represent Kansans in the United States Senate,republican
217543151,SenatorTimScott,Official account of U.S. Senator Tim Scott. Honored to represent the great state of South Carolina. RTs and follows dont equal endorsements. #OpportunityAgenda,republican
190328374,RepTomGraves,Conservative Republican representing Georgia's 14th Congressional District #GA14,republican
811986281177772032,RepTrey,Proudly serving my fellow Hoosiers of Indiana's 9th District. Member of the House Financial Services Committee.,republican
252819323,RepTomReed,Tom Reed represents New York's 23rd Congressional District,republican
2953713339,RepEvanJenkins,I'm honored to represent the people of West Virginia's 3rd Congressional District in Congress.,republican
314205957,RepDavidYoung,"Official account of U.S. Congressman David Young, proudly representing all the people in Iowa's 3rd Congressional District. #IA03",republican
269992801,AsaHutchinson,"Husband of 43 yrs, Dad of 4, Papaw of 5. Lifelong Arkansan. Governor of Arkansas. Former Congressman, Admin. of DEA, Under Sec. of Homeland Security.",republican
249219716,RepFincherTN08,"Congressman, Farmer, and Gospel Singer proudly serving the people of the 8th district of the great state of Tennessee.",republican
84406725,TerryBranstad,This is the official Twitter account for Iowa Gov. Terry Branstad. It is maintained by Communications Director @BenHammes and communications staff.,republican
364415553,RepSarbanes,Representing Maryland‚Äôs 3rd District. Chair of the Democracy Reform Task Force. Fighting to put people's interests ahead of special interests.,democrat
2914163523,RepLoudermilk,"Rep. Barry Loudermilk represents Georgia's 11th Congressional District, which includes all of Bartow and Cherokee counties and portions of Cobb and Fulton.",republican
16256269,virginiafoxx,Congresswoman Virginia Foxx. Conservative representing North Carolina's Fifth District.,republican
131018989,Mama3Cubs,#Patriot #Progressive Founding Fathers=Original Progressives. I share their vision. #UniteBlue #Steelers #TheResistance,democrat
33576489,RepBrianHiggins,Official account for the Office of Congressman Brian Higgins (NY-26) representing portions of Erie and Niagara counties. http://t.co/Cpl0TlH2JW,democrat
249348006,RepAnnaEshoo,Representing California's 18th Congressional District--the heart of Silicon Valley.,democrat
18020081,JohnKasich,"Husband, Dad and Governor of Ohio. Learn more about my upcoming book at https://t.co/Vdhq3le6UO",republican
2966765501,RepJohnKatko,Official Twitter account of Rep. John Katko. Proudly representing New York's 24th Congressional District.,republican
296361085,SenJohnThune,"U.S. Senator John Thune, South Dakota. Chairman of @SenateGOP & @SenateCommerce. Father. Husband. Avid Outdoorsman. Sports Fan.",republican
18916432,SpeakerRyan,"Office of the 54th Speaker of the House, Paul Ryan.",republican
296245061,RepAdrianSmith,Proudly serving the 3rd District of Nebraska in the U.S. House of Representatives,republican
199325935,RepAndreCarson,The official Twitter account for Congressman Andr√© Carson of Indiana's 7th District. #Indianapolis #Indy,democrat
1072008757,RepChrisStewart,"Utah's 2nd District Congressman. Former Air Force B-1 pilot, author, House Intelligence & Appropriations Committees. Visit http://t.co/GUW6weAva6",republican
19139963,DanaRohrabacher,U.S. Congressman representing CA-48.  Former speechwriter for President Reagan. Surfer and father of 8 year old triplets.,republican
150078976,ChrisMurphyCT,"U.S. Senator, Connecticut",democrat
796736612554117120,RepJimmyPanetta,I'm honored to serve as the Congressman for California's Central Coast (CA-20) in the U.S. House of Representatives.,democrat
240385577,RepMickMulvaney,,republican
550401754,RepHalRogers,Representing the people of Southern and Eastern Kentucky and serving as Chairman of the U.S. House Appropriations Committee @HouseAppropsGOP,republican
132278386,SenatorBarb,U.S. Senator for Maryland,democrat
2962681881,RepGwenGraham,Former Representative of Florida's Second Congressional District https://t.co/1ljTQcy8z1,democrat
2724095695,StaceyPlaskett,Proudly representing the Virgin Islands of the United States,democrat
17800215,jasoninthehouse,"United States Congressman (UT-3). Chairman, Oversight & Government Reform. Tweets come from me, not my staff.",republican
815931811348017152,RepJohnFaso,Representing New York's 19th Congressional District,republican
815966620300480514,RepGallagher,"Green Bay Native, Marine Veteran, and Eisenhower Nerd proudly representing #WI08 in Congress. #GoPackGo.",republican
36686040,MaxineWaters,Proudly serving the people of California's 43rd District in Congress. Ranking Member of the House Financial Services Committee (@FSCDems).,democrat
78403308,SenatorIsakson,"Official Page of U.S. Senator Johnny Isakson (R-Ga.)          (Committees: Veterans' Affairs, Chairman; Ethics, Chairman; Foreign Relations; HELP; Finance)",republican
2953922782,RepRyanCostello,"U.S. Congressman #PA06. @HouseCommerce Committee. Husband, dad, Philly sports fan. Ursinus & Villanova alum.",republican
18696134,RepSires,U.S. Representative for New Jersey's 8th Congressional District,democrat
1058460818,RepHolding,"Official Twitter account for Congressman George Holding, representing North Carolina's 2nd Congressional District.",republican
33977070,RepMikeRogersAL,I am proud to represent Alabama's Third Congressional District.,republican
140519774,rosadelauro,"Proud to represent CT's 3rd CD. Italian-American, New Haven native, fierce advocate for a strong middle class & those in need. Tweets from Rosa are signed -Rosa",democrat
20209807,AnderCrenshaw,"Member of Congress, FL-04",republican
18773159,RepScottPerry,"Husband, Father of two young daughters, Small Businessman and Soldier. Congressman - 4th District (PA).",republican
26051676,RepGusBilirakis,"Congressman for Florida‚Äôs 12th Congressional District, Committees: @HouseCommerce @HouseVetAffairs",republican
208931294,GovSandoval,Governor of Nevada,republican
24773493,RepTrentFranks,Representing Arizona's Eighth Congressional District.,republican
234374703,Sen_JoeManchin,"I proudly serve the people of West Virginia. Please do not hesitate to contact me to share your commonsense ideas, concerns or if you need assistance.",democrat
17513304,RepErikPaulsen,Proudly serving the people of Minnesota's Third Congressional District,republican
1045110018,RepDanKildee,"Honored to represent Michigan's Fifth Congressional District. Born and raised in Flint. Proud husband, father and grandfather.",democrat
24183358,CongCulberson,"Proud father, happy husband, Jeffersonian Republican. TX Congressman.",republican
246769138,RepEdRoyce,Proudly serving California's 39th Congressional District (#CA39). Chairman of the @HouseForeign Affairs Committee.,republican
2560169238,RepDaveBrat,"Proudly serving Virginia's Seventh Congressional District #VA07. I sit on the House Committees on @HouseBudgetGOP, @EdWorkforce, and the @HouseSmallBiz",republican
1089859058,CongressmanRuiz,Emergency room doctor and public servant. Proudly serving California's 36th Congressional District.,democrat
211588974,SenatorKirk,I serve the people of the state of Illinois in the United States Senate. Please do not hesitate to contact me if you have any questions or need assistance.,republican
797201048490430465,RepTenney,Official Twitter account of Rep. Claudia Tenney. Honored to represent #NY22 in the 115th Congress.,republican
1499993378,RepSanfordSC,Serving the #Lowcountry in #SC01. Find me on Facebook at https://t.co/9HU8VA7ySB,republican
234906311,RepEdWhitfield,Representative Ed Whitfield of Kentucky‚Äôs First Congressional District and Chairman of the House Subcommittee on Energy and Power.,republican
1305596696,Rep_Hunter,Representing California‚Äôs 50th District,republican
1206227149,repmarkpocan,"Honored to serve the people of Wisconsin's Second District. First Vice Chair, @USProgressives",democrat
36396752,ButchOtter,If you are having trouble with this account please call Jon Hanian at (208) 334-2100.,republican
1048784496,RepKevinCramer,Representing the great people of North Dakota in the United States House of Representatives. Member of @HouseCommerce,republican
292990703,RepLoisCapps,U.S. Representative from California's 24th Congressional District,democrat
3026622545,RepAmata,"Congresswoman Representing American Samoa. Proudly serving on the @NatResources, @HouseVetAffairs, and @HouseSmallBiz",republican
2915095729,AkGovBillWalker,Official Twitter page of Alaska Governor Bill Walker; honored to serve AK w/ @LtGovMallott. RTs ‚â† endorsements.,"{Governor,independent}"
2964222544,RepHardy,Former Congressman for Nevada's 4th Congressional District,republican
164369297,NydiaVelazquez,Represents New York's 7th Congressional District in the U.S. House of Representatives.  Top Democrat on House Small Business Committee.,democrat
237770636,JohnCarneyDE,Official Twitter page for Governor John Carney.,democrat
22012091,WhipHoyer,"The Democratic Whip of the U.S. House of Representatives, representing Maryland's 5th Congressional District.",democrat
231108733,RepBrendanBoyle,"Congressman for Pennsylvania's 13th district. Proudly representing Philadelphia and Montco in Washington. Husband, dad and eternally hopeful Philly sports fan.",democrat
2973870195,RepBuddyCarter,Proudly serving Georgia's 1st Congressional District,republican
816012124505931780,repdavidkustoff,"Official news and updates from Congressman David Kustoff (R-Tenn.), Proudly serving the 8th District of Tennessee",republican
74198348,JudgeTedPoe,"Member of Congress, representing the second district of the great state of Texas",republican
249787913,SenatorCarper,U.S. Senator for Delaware | Ranking Member of @EPWDems,democrat
1077214808,GovInslee,"Governor of Washington. Tweets on innovation, jobs, education, clean energy & my grandkids. Building a WA that works for everyone. RTs & follows ‚â† endorsement",democrat
2964287128,RepRickAllen,Proudly representing Georgia's 12th Congressional District,republican
234057152,RepMGriffith,Congressman Griffith represents the 9th District of Virginia in the U.S. House of Representatives.,republican
23600262,EleanorNorton,Member of the U.S. Congress,democrat
258900199,RepMaloney,"New York's 12th Congressional District - Manhattan, Brooklyn & Queens",democrat
815733290955112448,RepJayapal,"Proudly serving WA's 7th District. Vice-Chair @USProgressives, Senior Whip, Budget Vice Ranking. https://t.co/l8iuqn1TzO https://t.co/GN5Vsxe99N",democrat
2964877294,RepBost,"Member of Congress proudly representing IL-12. Serving on @transport, @HouseAgNews, and @HouseVetAffairs Committees. Find me on FB at https://t.co/cjWY9Itiyr",republican
211530910,RepBillJohnson,Proudly representing #Ohio's 6th Congressional District. Energy Enthusiast. Veteran. Husband. Father. Grandfather.,republican
26103389,BillHaslam,Governor of Tennessee.,republican
202206694,SenJohnBarrasso,U.S. Senator for the great state of Wyoming and @SenateRPC Chairman.,republican
72198806,SenGillibrand,"Theo and Henry's mom; U.S. Senator from New York; Author of NYT bestseller Off the Sidelines. Pitcher, but sometimes left fielder. Democrat.",democrat
305216911,RepBobbyRush,The official twitter account of Rep. Bobby L. Rush.  For official policy please see http://t.co/biKpeeMhCz.  RT does NOT constitute an endorsement.,democrat
935368364,MikeKellyPA,Representative Mike Kelly proudly and humbly serves the people of Pennsylvania's Third District (#PA03) and currently sits on the House Ways & Means Committee.,republican
1623308912,RepJasonSmith,Honored to represent the families of Missouri's 8th Congressional District in the United States House of Representatives.,republican
137794015,RepTedDeutch,Ranking Member Ethics Committee. Foreign Affairs & Judiciary. Broward & Palm Beach Counties. Vegan. https://t.co/7SnRwuX7mG https://t.co/AXhWknjwMx,democrat
600463589,MikeCrapo,United States Senator for the great state of Idaho.,republican
776664410,RepCartwright,"Proudly representing Pennsylvania's 17th Congressional District. For more information, please use my official website: http://t.co/hAzCwXG9",democrat
241207373,RepLoBiondo,Congressman proudly representing New Jersey's 2nd District. Chairman of House Aviation Subcommittee & CIA Subcommittee,republican
1071102246,RepHuffman,"Congressman for California's North Coast. 
On Facebook at http://t.co/Xvh4af3Qid",democrat
242376736,RepCharlieDent,"Proud to serve as U.S. Representative for Pennsylvania‚Äôs 15th District, which includes all or parts of Berks, Dauphin, Lebanon, Lehigh and Northampton counties.",republican
104198706,GovernorVA,Official account for Virginia Governor Terry McAuliffe,democrat
19318314,repbenraylujan,"Proudly Representing New Mexico‚Äôs 3rd Congressional District. @EnergyCommerce Committee, and Member of @HispanicCaucus. Follows, replies & RTs ‚â† endorsement.",democrat
295685416,ConawayTX11,I am proud to serve the 11th Congressional District of Texas! I can be reached via website below or phone: 202-225-3605.,republican
19926675,RepKevinBrady,Dad. Husband. Chairman of @WaysandMeansGOP. Deputy Whip. Loves: Baseball and Texas.,republican
2976606250,RepGrothman,U.S. Congressman (WI-06),republican
970207298,SenWarren,Official twitter account of Senator Elizabeth Warren of Massachusetts.,democrat
515822213,SenatorTester,Third-generation Montana farmer. Proud grandfather. Former school teacher. Flattop icon. Trumpet player. Montana's senior Senator.,democrat
1083448909,RepFilemonVela,U.S. Congressman for the 34th District of Texas - Privileged to represent South Texans.,democrat
1135486501,RepScottPeters,"Serving #CA52. @EnergyCommerce, @VetAffairsDems, & @HouseNewDems. Loyalty to Country / Truth & Rule of Law / Opportunity / Strength Abroad / Respect & Kindness",democrat
3023272478,OregonGovBrown,"Official Twitter Presence of Kate Brown, Oregon's 38th Governor.",democrat
153944899,RepLloydDoggett,Representing communities from San Antonio to Austin.,democrat
244268646,RepMikePompeo,U.S. Congressman representing KS-04. West Point. General Aviation. Manufacturing. Energy. Free markets. My staff helps me on Twitter. RTs aren't endorsements.,republican
236479311,RepRichNugent,Proudly Representing Florida's 11th Congressional District,republican
789244177,RepDannyDavis,"US House Representative for Illinois' 7th Congressional District.
Serving on the Committee on Ways and Means.
Following/retweeting does not equal endorsement.",democrat
377534571,MacTXPress,"Tweets from the press shop of US Rep. Mac Thornberry. Mac serves the 13th District of TX, which spans from Amarillo to Wichita Falls & is larger than 13 states.",republican
435500714,SenCoonsOffice,"News releases, blog posts, new videos, transcripts and other resources from the office of U.S. Senator @ChrisCoons of Delaware.",democrat
126171100,RepSheaPorter,"Proudly serving New Hampshire's First District in the U.S. House of Representatives.
https://t.co/fHOFp4xW",democrat
234406945,SDGovDaugaard,Gov. Dennis Daugaard is the 32nd Governor of South Dakota.,republican
171968009,SenFranken,Official account of U.S. Senator Al Franken of Minnesota.,democrat
344972339,Rep_DevinNunes,,republican
18805303,JeffFortenberry,U.S. Representative for the First Congressional District of Nebraska,republican
237312687,RepBillFlores,"I am working hard for Texas families in District 17 to rebuild our national security, improve economic opportunity, and protect our Constitutional liberties.",republican
39249305,USRepMikeDoyle,U.S. Member of Congress representing PA's 14th District,democrat
111635980,repjoecrowley,Proudly representing New York‚Äôs 14th Congressional District. Chairman of @HouseDemocrats. https://t.co/y9inUilpX3,democrat
193732179,RepJudyChu,Proudly representing California's 27th District in the U.S. House of Representatives. Chair of @CAPAC.,democrat
1060370282,RepMullin,Father of five. Small business owner. Honored to represent Oklahoma‚Äôs conservative values in Congress.,republican
1092757885,RepJBridenstine,Congressman Jim Bridenstine has the honor of serving Oklahoma's First Congressional District.,republican
20053279,RepPeteOlson,Proudly representing TX-22 in Congress. Follow me on Facebook: http://t.co/2aP7aRlj3f and Instagram: https://t.co/hBZNAgZcuI,republican
249288197,SamsPressShop,Faithfully serving the Third Congressional District of Texas.,republican
48724141,GovernorMarkell,Former Governor of #Delaware (2009-17) who signs his tweets -JM.,democrat
221969181,FailGOP,Live tweeting the GOP's demise on my $700 government iPhone while standing in line waiting for my welfare check. #BiPaAv #LDSDems #DonkeyFeed,democrat
245408102,RepDold,Proudly representing the 10th District of Illinois. Follow along on Facebook & Instagram: https://t.co/gVIVqb99ca | https://t.co/WKM99U8H9P,republican
803694179079458816,SenKamalaHarris,Official Twitter account of U.S. Senator Kamala Harris.,democrat
1068481578,SenAngusKing,News from the office of Independent U.S. Senator Angus King of Maine. Operated by the Press Team. Following/retweeting does not equal an endorsement.,"{senator,independent}"
963480595,RepMarkMeadows,"I am a businessman, husband and father proudly representing North Carolina's 11th Congressional District.",republican
217416964,GovernorDeal,Governor Nathan Deal is the 82nd Governor of Georgia.,republican
968650362,SenTomCotton,U.S. Senator proudly serving the state of Arkansas.,republican
278124059,SenBlumenthal,Connecticut‚Äôs U.S. Senator,democrat
2964351843,RepBradAshford,"Husband, father, and former business owner. Former Congressman from Nebraska's 2nd Congressional District. #NE02",democrat
162069635,RepCohen,"Congress TN9.Memphis.Judiciary&Transportation;civil rights/liberties/cr.jstc reform,women&minority issues/animal welfare/med research;Father,TN Educ Lottery.Dem",democrat
382791093,SenJohnHoeven,Official account of U.S. Senator John Hoeven of North Dakota.,republican
57963724,Gov_Martinez,Governor of New Mexico. Please visit my Facebook page @ http://t.co/pjqaBFpjGD,republican
20508720,ThePlumLineGS,"A blog about politics, politics, and politics",democrat
587100576,garretgraves,Baton Rouge native ‚Ä¢ Proud husband & dad ‚Ä¢ Congressman proudly serving #LA06 ‚Ä¢ Fmr Chair of Coastal Protection & Restoration Authority,republican
2382685057,RepRobWoodall,"U.S. Representative for the Seventh District of Georgia, and serving as Chairman of the Rules Subcommittee on Legislative & Budget Process.",republican
935033864,RepRichHudson,Official Twitter account for Congressman Richard Hudson -- proudly representing the 8th Congressional District of North Carolina.,republican
236960387,RepFrankGuinta,Proud to represent the people of New Hampshire's First Congressional District!,republican
57065141,McCaskillOffice,Office of U.S. Senator Claire McCaskill. Staff updates on Claire's work for Missouri.,democrat
815241612154417152,RepJackBergman,"Humble Rep. of Michigan's 1st District, 3-Star Lieut. General, USMC (ret), Pilot for Northwest, Proud Grandfather of eight grandchildren",republican
84119348,RepPaulTonko,"U.S. Representative for New York‚Äôs 20th Congressional District including Albany, Schenectady, Troy, Saratoga Springs, Amsterdam and surrounding areas.",democrat
1908143071,RepGuthrie,Fighting for conservative values in Washington while representing the people of Kentucky's 2nd Congressional District,republican
510516465,daveloebsack,Fighting for the hardworking people of Iowa,democrat
188019606,Clyburn,"Rep. Clyburn is the Assistant Democratic Leader, the number three Democrat in the House of Representatives. He represents South Carolina's 6th District.",democrat
5558312,JohnBoozman,Representing Arkansas in the U.S. Senate.  Contact Info: 202-224-4843,republican
1037321378,RepMarkTakano,"Proudly Representing California's 41st District. Member: @VetAffairsDems, @edworkforcedems, @SciCmteDems.",democrat
22812754,GregoryMeeks,"Proudly serving the 5th Congressional District of New York. For media inquiries, please contact jordan.morris@mail.house.gov",democrat
816303263586914304,RepBrianFitz,"An independent voice for the people of #PA08. Former FBI Special Agent & Federal Prosecutor. EMT, CPA & Philly sports fan. #GoBirds",republican
52503751,DrPhilRoe,"Official Account of Rep. Phil Roe, MD, serving Tennessee's First Congressional District. @HouseVetAffairs Chair. Member @EdWorkforce & co-chair of @gopdoccaucus",republican
19394188,SenJohnMcCain,"U.S. Senator John McCain (R-AZ), Chairman of Senate Armed Services Committee",republican
250188760,RonWyden,U.S. Senator from Oregon. @SenateFinance Ranking Member. Follow @WydenPress for updates from my staff. Instagram: https://t.co/a6CyBjcD79,democrat
22527499,RepBillShuster,"Member of Congress, Chairman of @transport, and member of @hascrepublicans. Proudly representing the people of PA's 9th district.",republican
818554054309715969,RepJackyRosen,Congresswoman for Nevada's 3rd District. #NV03,democrat
22055226,replouiegohmert,"Member of Congress, representing the first district of Texas which encompasses over 12 counties stretching nearly 120 miles down the eastern border of Texas.",republican
240393970,RepJeffDuncan,"Christian, husband, father, former small business owner, and Congressman for South Carolina's Third Congressional District",republican
133832049,AGBecerra,California Attorney General Xavier Becerra,democrat
2340948996,DonNorcross4NJ,Democrat for New Jersey's First Congressional District,democrat
816131319033950208,RepJimBanks,Official account of U.S. Congressman Jim Banks (IN-3).,republican
110545675,RepDianeBlack,"Chairman of @HouseBudgetGOP & Congressman for #TN06. Wife to Dave, mom of three, and proud Mimi to six grandchildren. Registered nurse.",republican
2953494478,RepRyanZinke,"5th generation Montanan. Retired #NavySEAL Commander. Husband, father, grandfather. Played 4 #OregonDucks. Teddy Roosevelt fan. Congressman for Montana.",republican
1058345042,RepTomRice,Former CPA and tax lawyer. Proudly representing South Carolina's 7th Congressional District. Find me on FB at https://t.co/1YXogZ4l3N.,republican
558769636,RepBonamici,Honored to represent Oregon's First Congressional District.,democrat
17078632,BobbyJindal,"Husband, Dad and 55th Governor of the great state of Louisiana.",republican
815952318487298048,DrNealDunnFL2,Official government Twitter account for Congressman Neal Dunn (FL-02).,republican
18277655,RepPeteKing,Representing New York's 2nd Congressional District,republican
1077121945,RepLoisFrankel,Representative from Florida's 21st Congressional District,democrat
1071900114,RepTedYoho,Representing Florida's 3rd Congressional District; large animal veterinarian; conservative business owner; Member of @HFACRepublicans & @HouseAgNews Committees,republican
75364211,SenPatRoberts,United States Senator from Kansas,republican
808416682972770304,RepOHalleran,"Proud husband, father, and grandfather. Member of Agriculture and Armed Services Committees. It is an honor to represent #AZ01.",democrat
2862577383,RepKenBuck,Husband. Father. Proudly represent the wonderful people of Colorado CD-04.,republican
237750442,RepSteveChabot,"Husband, father, grandpa, teacher, & attorney. Ohio's First District is home. Chair of @HouseSmallBiz. Serving on @HouseForeign & @HouseJudiciary.",republican
252249233,RepPeterDeFazio,Representing the 4th Congressional District in Oregon,democrat
47975734,SenatorSessions,"U.S. Sen. Jeff Sessions (R-AL) serves as the Chairman of two Senate subcommittees: Immigration and the National Interest, and Strategic Forces.",republican
224294785,RepMarthaRoby,Congressional Twitter account for U.S. Representative Martha Roby (R-AL),republican
76350004,repjohnkline,"Served in Congress from 2003-2016. Married to wife, Vicky. Served 25 years in U.S. Marine Corps, retiring at rank of Colonel.",republican
1061029050,SenatorHeitkamp,"Official Twitter account for Heidi Heitkamp, U.S. Senator for #NorthDakota. Learn more on Facebook: https://t.co/sdBAQYB6b4.
Instagram: http://t.co/o02Q1Pt8AC",democrat
236511574,SenGaryPeters,U.S. Senator proudly representing the state of Michigan.,democrat
76649729,SenAlexander,"Follow Sen. Alexander in TN, in DC, and in the news.",republican
3145255727,tiberipress,for Congressman Pat Tiberi follow @pattiberi,republican
37094727,MarioDB,"I am proud to represent Florida's 25th Congressional District and serve on @HouseAppropsGOP as Transportation, Housing + Urban Development Subcommittee Chair",republican
109071031,SenatorCardin,"U.S. Senator Ben Cardin of MD. Ranking Member, Foreign Relations Committee. https://t.co/H6tSwFVj7t https://t.co/Qon77TTwV7‚Ä¶",democrat
2862555526,GovRauner,"Father, Husband, and Governor of Illinois",republican
50152441,RepMcClintock,"United States Representative, 4th District of California",republican
156333623,RepAlGreen,Proud to represent the Ninth Congressional District of Texas in the United States House of Representatives.,democrat
3686482216,RepLaHood,Proudly representing the 18th Congressional District of Illinois.,republican
816157667882373120,RepCarbajal,Proudly representing California's 24th Congressional District.,democrat
216503958,SenDonnelly,U.S. Senator Joe Donnelly's communications staff,democrat
26637348,TulsiGabbard,Soldier. Veteran. Surfer. Member of Congress. Doing my best to be of service.,democrat
264219447,SenatorWicker,U.S. Senator for Mississippi. Please visit my website for updates.,republican
168673083,repdavidscott,"Representing Georgia's 13th Congressional District including Cobb, Douglas, Fayette, Fulton, Clayton, and Henry Counties.",democrat
15160884,Randy_Forbes,Representing Virginia's Fourth Congressional District. (Following a group or person does not indicate support or endorsement of their beliefs or opinions.),republican
224285242,SenBennetCO,U.S. Senator for Colorado,democrat
816298918468259841,RepRoKhanna,"Ro Khanna, US representative for #CA17 in Silicon Valley. Working to bring tech jobs in my district & across America. No contributions from PACs, lobbyists.",democrat
2975091705,CongressmanHice,I'm honored to serve Georgia's 10th Congressional District.,republican
851621377,JimPressOffice,"Press Office of Congressman Jim Sensenbrenner, representing Wisconsin's Fifth District. Former Chair of House Judiciary Committee.",republican
18061669,lisamurkowski,Official Twitter account for U.S. Senator Lisa Murkowski. Follow me for news and updates on what's happening in the Senate and across Alaska.,republican
1321432124,WolfForPA,Official account of Tom Wolf for Governor. Tweets from Tom Wolf are signed -TW.,democrat
80612021,JacksonLeeTX18,"Official Twitter account for Congresswoman Sheila Jackson Lee, Representing Texas' 18th Congressional District in the U.S. House of Representatives.",democrat
15356407,RobWittman,"proud husband, father, grandfather; humble Rep. of VA's 1st District; Seapower and Projection Forces Subcommittee Chair; advocate of sportsman-led conservation",republican
15751083,michaelcburgess,"Congressman for Texas' 26th District, M.D. (Ob/Gyn) in my former life",republican
1080509366,RepBillFoster,Congressman Bill Foster is a scientist and businessman representing the 11th Congressional District of Illinois,democrat
2730150631,RepCurtClawson,Member of Congress (FL-19),republican
242892689,nikiinthehouse,"Proudly representing the families of the Massachusetts 3rd District.

More info at: http://t.co/mp6QlRchln",democrat
817050219007328258,RepBRochester,Official Twitter page for U.S. Representative Lisa Blunt Rochester (D-DE). Tweets from Rep. Blunt Rochester signed -LBR.,democrat
816719802328715264,RepLizCheney,"Official Page of Congressman Liz Cheney, proudly representing the people of Wyoming.",republican
1068499286,RepDennyHeck,"Proudly representing #WA10 in U.S. Congress. Husband, (gran)dad, @GonzagaBulldogs fan & #12thMan. Care about veterans, family-wage jobs & economic growth.",democrat
3353670647,RepDanDonovan,Representing Staten Island and Brooklyn in NY's 11th Congressional District,republican
18030431,JudgeCarter,U.S. Congressman proudly serving the 31st District of Texas. Former Judge. Proud @TexasTech Red Raider.,republican
15442036,SenatorBoxer,U.S. Senator Barbara Boxer of California.,democrat
584912320,LacyClayMO1,"Official Campaign Twitter Account of Lacy Clay for Congress. US Rep, Missouri 1st District. R/Ts & links are not endorsements.",democrat
2482022082,USRepDavidJolly,Honored to have served as U.S. Representative for Florida's 13th Congressional District. This account now inactive. Follow me on personal account @DavidJollyFL.,republican
237944147,RepFitzpatrick,Proudly representing #PA8 in the US House of Representatives. Husband. Dad. @Eagles fan.      #BetterJobsMoreOpportunity,republican
23951197,aaronschock,,republican
60688326,GovHerbert,Proudly serving as the 17th governor of the great state of Utah.  Facebook: https://t.co/2ErGDynzXW #utpol,republican
818713465653051392,RepDarrenSoto,Official Account. Congressman Representing Florida's 9th District - Central Florida.,democrat
2962891515,RepAbraham,"Proudly representing Louisiana's 5th District. Rural family physician, veteran, farmer, pilot, former veterinarian, husband, father & grandfather.",republican
7429102,MarkWarner,"Senior U.S. Senator, Va. Vice Chairman, Intel Committee. Previous: Serial entrepreneur, business guy, His Excellency the 69th Governor of the Commonwealth of Va",democrat
267854863,RepRichmond,Representing the 2nd Congressional District of Louisiana and the Who Dat Nation.,democrat
239905257,USRepRHinojosa,Proudly representing the 15th Congressional District of Texas,democrat
138770045,RepJohnConyers,"Official Twitter account for Congressman John Conyers, Jr., Rep. of Michigan's 13th Congressional District. For Jobs, Justice & Peace. | RTs ‚â† Endorsements",democrat
1140648348,RepDWStweets,U.S. Congresswoman proudly representing the people of Florida's 23rd District in our nation's capital.,democrat
2968007206,RepDeSaulnier,Honored to represent California's 11th Congressional District. Serving on the House Education and Workforce and Oversight and Government Reform Committees.,democrat
2891210047,SenDanSullivan,Official twitter account for U.S. Senator Dan Sullivan.  Proudly serving the state of Alaska.,republican
237763317,RepHartzler,"I serve the hardworking Missourians of #MO4. Working to reduce big govt. burden & unleash American spirit. On Armed Services, Agriculture, Budget Committees",republican
2976598347,RepMiaLove,"Official account for Congresswoman Mia Love, Utah's 4th District",republican
148006729,RepRobBishop,,republican
2932617195,RepPoliquin,Proudly Serving Maine's Second Congressional District,republican
1267940407,SenKaineOffice,Official twitter account for the office of U.S. Senator Tim Kaine of Virginia,democrat
3058189305,repjustinamash,,republican
2965083477,RepRodBlum,Official Account Of Iowa's 1st District Congressman Rod Blum. Member of @GOPoversight & @HouseSmallBiz #IA01,republican
43910797,SenSherrodBrown,Office of United States Senator Sherrod Brown. Proud to serve Ohio. Tweets from Sherrod signed -SB.,democrat
1134292500,RepBetoORourke,US Congress - El Paso,democrat
76132891,CongMikeSimpson,U.S. Congressman from Idaho's 2nd Congressional District,republican
2869746172,repdavetrott,"Dad, husband, lifelong resident of Southeast Michigan and Representative for Michigan's 11th District.",republican
82649553,repdonnaedwards,Congresswoman representing Maryland's 4th Congressional District,democrat
2293131060,RepKClark,Proudly representing the people of the 5th District of Massachusetts.,democrat
1262814457,RepTimWalz,"Teacher, Football Coach, Command Sgt. Major Proudly Representing Minnesota's 1st Congressional District; Ranking Member of House @VetAffairsDems",democrat
235251868,RepKristiNoem,"I'm South Dakota's lone Member of the U.S. House of Representatives. I live in Castlewood, SD with my husband Bryon and three kids Kassidy, Kennedy & Booker.",republican
1092979962,RepCheri,Serving Illinois' 17th District. Wife & mother of 3 boys. Athlete. Former reporter. Fighter for better government. CoChair of DPCC. Facebook & Snapchat RepCheri,democrat
254082173,RepJoeWilson,Official Twitter account for Congressman Joe Wilson (SC-02). Grateful to serve as Chairman of the HASC Subcommittee on Readiness,republican
137407124,Westmoreland_GA,Former U.S. Representative for Georgia's Third Congressional District.,republican
816282029276938240,RepKihuen,U.S. Representative proudly serving Nevada's 4th Congressional District. #NV04,democrat
229592356,KellyAyotte,"Born & raised in Nashua. Wife, mom to Kate & Jake, runner for fun, NH's first female attorney general, former U.S. Senator for New Hampshire. #LFOD",republican
73303753,SenBobCorker,Official news and updates from United States Senator Bob Corker (R-Tennessee) and his staff.,republican
23970171,TomRooney,Proudly represent Florida's 17th District in the U.S. House of Representatives. Husband & father of 3 sons. RT ‚â† endorsement.,republican
60828944,SenatorTomUdall,United States Senator from New Mexico.,democrat
1089334250,RepAndyBarr,Honored to represent Kentucky's Sixth Congressional District.  Fighting to get Kentuckians back to work and restore fiscal responsibility to Washington,republican
246341769,Raul_Labrador,Proudly serving Idaho's beautiful 1st Congressional District.,republican
234837632,RepRobertHurt,Former U.S. Representative for Virginia's Fifth District https://t.co/jbrBps97xV,republican
16160352,clairecmc,,democrat
798973032362606600,RepValDemings,U.S. Representative Florida's 10th Congressional District. Public Servant. Former Orlando Police Chief. Christian. Wife. Mother. Grandmother. Harley Enthusiast.,democrat
942156122,RepSwalwell,I rep SF Bay Area in the U.S. Congress. Senior Democrat overseeing @cia on @HouseIntelComm. Connecting #TrumpRussia dots at: https://t.co/vsiNd80qVn,democrat
3091316093,teammoulton,The Office of Congressman Seth Moulton (D-MA),democrat
1074480192,SenTedCruz,Representing the State of Texas in the United States Senate.,republican
2863210809,sendavidperdue,Official Twitter account for U.S. Senator David Perdue of Georgia.,republican
132201224,RepJimMcDermott,Proudly serving Washington State's 7th Congressional District,democrat
20015903,PeterRoskam,"Husband, father, and U.S. Representative for the 6th District of Illinois. I serve as @WaysandMeansGOP Tax Policy Chairman in the 115th Congress.",republican
518644221,RepBradWenstrup,"US Representative for the people of Ohio's 2nd District, Physician, Army Reservist, Dad, Lifelong Ohioan",republican
2930635215,RepNewhouse,Proud to represent Washington's 4th District in the U.S. Congress,republican
51228911,RepMikeTurner,"I proudly represent the Tenth District of Ohio. Montgomery County, Greene County and Fayette County. #OH10",republican
785624983145852928,repbobbyscott,"Interest to Men, #Health, #lifestyle & #Technology
Facebook Pge
https://t.co/7jRgSHkTa6",democrat
242761889,CongressmanDan,Doctor representing #NorthernMichigan. Fighting for Veterans. Growing our economy. Protecting the Great Lakes.,republican
1155212191,KeithRothfus,Thank you for visiting my official Twitter account. I proudly represent and serve Pennsylvania's Twelfth Congressional District.,republican
122174004,repdinatitus,Congresswoman proudly representing the First District of Nevada in the U.S. House of Representatives. https://t.co/g6tZzJD45q,democrat
1099199839,MartinHeinrich,United States Senator from New Mexico,democrat
476256944,SenFeinstein,United States Senator from California. On Facebook at: http://t.co/siExqwIu,democrat
171598736,SenBobCasey,Official twitter profile for U.S. Senator Bob Casey.,democrat
1410590874,PeterWelch,"Official Twitter Account for Congressman Peter Welch, proudly representing the great state of Vermont in the U.S. House of Representatives.",democrat
211420609,RepSteveStivers,Proud to represent the citizens of Ohio's 15th Congressional District.,republican
23976316,RepKenMarchant,Serving the 24th Congressional District of Texas | Member of @WaysandMeansGOP and House Ethics Committee,republican
1074129612,RepVeasey,"Proudly representing Fort Worth-Dallas. Born and reared in the Metroplex. Husband, father and Dallas Cowboys fan. #TX33, #DFW",democrat
29450962,repjohnlewis,"Congressman, Georgia's Fifth Congressional District",democrat
58928690,RepAdamSmith,Proudly serving Washington State's 9th District. Ranking Member of the House Armed Services Committee @HASCDemocrats,democrat
245451804,RepJimCosta,Costa represents California's 16th District. He serves on the Agriculture & Natural Resources Committees. This account is for official use only.,democrat
3044993235,RepTedLieu,"Official Twitter account for the Office of Congressman Ted W. Lieu, serving #CA33 in the US House of Representatives„ÉªFollow on Facebook & Instagram @RepTedLieu",democrat
2432952828,GrothmanforWI,Glenn Grothman represents WI's 6th Congressional District in the House of Representatives.,republican
442824717,RepRichardNeal,"Serving the First Congressional District of Massachusetts in the United States House of Representatives, with 87 cities and towns in western & central MA",democrat
815310506596691968,RepJoshG,"Honored to serve the people of New Jersey's 5th District. Working across the aisle to solve problems, lower taxes, and fight for Jersey values.",democrat
66602794,PatMcCroryNC,74th Governor of North Carolina.,republican
816181091673448448,RepMcEachin,"Father, husband & Progressive Democrat in Congress. Proudly representing VA‚Äôs 4th Congressional District. Member of @HASCDemocrats & @NRDems.",democrat
1055730738,RepLowenthal,Proudly serving California's 47th Congressional District. http://t.co/pHmhAyCM6J,democrat
234022257,RepSeanDuffy,"I am a devoted husband of one, proud father of eight, and the Representative for Wisconsin's Seventh District. Also at https://t.co/Y7pV5IPxzR.",republican
281540744,RepWebster,A family man and small-business owner who is dedicated to serving the citizens of Central Florida with honor and integrity.,republican
818948638890217473,Rep_Matt_Gaetz,"Official Twitter for Congressman Matt Gaetz.
Proud conservative, and Northwest Florida native who is honored to serve the First District of Florida.",republican
18566912,RepHensarling,"Fighting to control spending & tax increases while advancing the principles of family, free enterprise, and freedom.",republican
242873057,RepTipton,"Proud to Represent the people of #Colorado's 3rd Congressional District. Member of @FinancialCmte, @NatResources & Vice Chairman of @westerncaucus",republican
2421067430,TeaPainUSA,"Leader of the ""American Party"" - Born Thomas Elmer Addison Pain - July 4th, 1976 - #TrumpRussia",democrat
1849261916,RepBlainePress,"Congressman from Missouri's 3rd Congressional District, Member of the House Financial Services and Small Business Committees",republican
303861808,RepThompson,Rep. Mike Thompson represents California's 5th Congressional District and chairs the House Gun Violence Prevention Task Force.,democrat
22509548,DarrellIssa,"I work for CA-49, Chair the Subcommittee on Courts, Intellectual Property, and the Internet, & serve on the House Committee on Foreign Affairs.",republican
117777832,RepTimMurphy,"U.S. Congressman representing Pennsylvania's 18th District covering Pittsburgh's South Hills and communities in Greene, Washington & Westmoreland Counties.",republican
27676828,PatrickMcHenry,I represent the citizens of North Carolina‚Äôs 10th District in the United States Congress.,republican
219429281,RepKinzinger,"I represent Illinois' 16th District. It's an honor to serve in Congress on Energy & Commerce & Foreign Affairs, and as a pilot in the Air National Guard.",republican
467823431,RepJeffries,Member of Congress. Policy & Communications Co-Chair. Represent Brooklyn & Queens in the 8th district,democrat
240778059,GinaRaimondo,Governor of Rhode Island dedicated to moving Rhode Island forward. Smithfield native and proud mother of two. (401) 222-2080,democrat
299578411,AndrewZwicker,Head of Science Education at the Princeton Plasma Physics Laboratory.  NJ General Assemblyman in the 16th Legislative District.,democrat
816284664658874368,RepArrington,The official Twitter account for Congressman Jodey Arrington. Building a better West Texas. Fighting for the future of America.,republican
814103950404239360,RepBrianMast,"Proud husband, father of 3 & Army veteran.  Humbly serving the 18th Congressional District of Florida. Please  contact me if you need assistance.",republican
1064206014,TulsiPress,Aloha and welcome to the official Twitter page of Congresswoman Tulsi Gabbard (HI-02). Account managed by staff. Tulsi tweets signed TG.,democrat
229197216,RepDavid,Avid hiker and coffee enthusiast who is proud to represent Arizona's 6th Congressional District in the U.S. House of Representatives.,republican
237862972,RepWalberg,"Proudly serving the Michigan 7th District, tweet at me or join the discussion on Facebook http://t.co/W4dgfpnMav",republican
381152398,RepTerriSewell,"Proud to represent the 7th Congressional District of Alabama
https://t.co/xfWvIZSjrk",democrat
2964949642,RepMcSally,Honored to represent the people of Arizona's Second Congressional District in the U.S House of Representatives.,republican
18695134,SenatorMenendez,Proudly serving the State of New Jersey in the United States Senate.,democrat
1058917562,RepDerekKilmer,Representing Washington's 6th District in the House of Representatives           FB: https://t.co/byKNKNH1UP,democrat
28599820,RepDianaDeGette,"Member of Congress, Colorado's 1st Congressional District. Chief Deputy Whip & member of Energy and Commerce Committee.",democrat
221792092,NitaLowey,Proudly representing NY's 17th District. RM on House Approps Committee (@AppropsDems). RTs/follows ‚â† endorsements. Newsletter sign-up: https://t.co/JSmr63CIAQ,democrat
811632636598910976,RepPaulMitchell,Official account for Congressman Paul Mitchell #MI10,republican
305620929,Call_Me_Dutch,"U.S. Congressman serving Maryland's 2nd District. Member of House Appropriations Committee. Loves all things Baltimore esp. the Ravens, Orioles and crabs.",democrat
242555999,SenWhitehouse,"U.S. Senator from #RhodeIsland, the Ocean State. Follows, RTs ‚â† endorsement, but I look forward to listening to you.",democrat
242772524,RepFrankLucas,Fifth generation Oklahoman proudly representing the Third Congressional District of Oklahoma.,republican
2963445730,HurdOnTheHill,"San Antonio native, @TAMU grad, former undercover @CIA officer, cybersecurity expert, Chair of IT Subcommittee on @GOPOversight, also on @HouseHomeland & HPSCI",republican
22831059,CynthiaLummis,Proud to represent the people of Wyoming in the U.S. House of Representatives.,republican
85396297,RepJoeCourtney,"U.S. Congressman proudly fighting for the residents of Connecticut‚Äôs 2nd Congressional District. https://t.co/qNiLbsYBdJ, Instagram: repjoecourtney",democrat
213634439,RepReneeEllmers,I am honored to serve the Second District of North Carolina in the United States Congress. Follow my work in Washington and #NC02.,republican
17544524,ToddRokita,"Todd Rokita, U.S. Representative of the 4th District of Indiana. Chairman of Subcommittee on Early Childhood, Elementary, and Secondary Education.",republican
613725908,RepLanceNJ7,Official Twitter Account for Congressman Leonard Lance.  Proudly Representing New Jersey's 7th Congressional District.  http://t.co/uudCjpcv9f,republican
1009269193,RepLipinski,Proudly representing the people of Illinois' 3rd Congressional District. Follow me on Facebook at http://t.co/The2w76j,democrat
806583915012046854,RepDrewFerguson,Proud to serve the good people of Georgia's 3rd District in Congress,republican
293131808,PattyMurray,Official account of U.S. Senator Patty Murray (D-WA) | Tweets come from staff unless signed ‚Äú-PM‚Äù by Senator Murray | RT‚â†endorsement,democrat
432676344,GKButterfield,"U. S. Representative, proudly serving North Carolina's 1st Congressional District. Follow my work in Washington and #NC01.",democrat
189967523,GoPiggies,"Jesus Follower, Bluesman, Supporter of Women's Rights, Veterans, Seniors, Lbgt, All Minorities, and the Least Among Us #UniteBlue #LibCrib",democrat
1090002997,RepKirkpatrick,"Congresswoman Ann Kirkpatrick, Arizona's District One, is a member of the House Agriculture Committee and the Transportation & Infrastructure Committee.",democrat
211901075,RepStutzman,,republican
231854033,GovPeterShumlin,81st Governor of Vermont. #vtforward,democrat
221793778,RepScottRigell,"It is a privilege to serve and represent Virginia's
 2nd Congressional District.",republican
55677432,BillCassidy,U.S. Senator for Louisiana,republican
813286,BarackObama,"Dad, husband, President, citizen.",democrat
148453195,RepBrady,Proudly representing Pennsylvania's 1st District in House of Representatives.  Born & Raised in Philadelphia.  Fighting for Equality and Democracy.,democrat
193872188,RepVisclosky,"Tweets from the Office of Congressman Pete Visclosky, proudly representing the people of Indiana's First Congressional District. Policy: http://t.co/Wi81U7L5zE",democrat
16722475,bigfin,,democrat
36948268,RepGutierrez,I fight for the American dream as a Member of Congress representing the 4th District of IL. More at: https://t.co/6Cv6glBAXt,democrat
814179031956488192,CongressmanRaja,"Official Twitter account of Congressman   Raja Krishnamoorthi, representing Illinois' 8th Congressional District.",democrat
18137749,ChrisVanHollen,"U.S. Senator, Maryland",democrat
581141508,RepMarcyKaptur,Office of Congresswoman Marcy Kaptur. Longest serving woman in Congress and proudly representing Ohio's 9th District.,democrat
816047090849746945,RepJasonLewis,"Proudly representing #MN02. 

Fighting for a better future for our kids and a government that works for you.",republican
234937222,RepChrisGibson,"Congressman for New York's 19th Congressional District, Army Veteran, Member of the House Agriculture and Armed Services Committees",republican
164007407,RepEliotEngel,Congressman representing parts of the Bronx and Westchester Counties in New York #NY16,democrat
19407835,RepMikeCoffman,Proudly representing Colorado's Sixth Congressional District | @USMC Combat Vet | https://t.co/nZgpI9PAJp | Insta: @repmikecoffman | RTs/follow ‚â† endorsement,republican
239949176,RepKarenBass,"Representing California's 37th District, which includes Los Angeles, South LA, and Culver City. https://t.co/XHzgMSAQAc",democrat
239871673,RepLouBarletta,Proudly representing Pennsylvania's 11th Congressional District.,republican
20546536,InhofePress,Press Office of U.S. Senator Jim Inhofe (R-Okla.),republican
2968451607,RepBonnie,"Honored to serve the people of New Jersey's 12th CD. Wife, Mother, Grandmother. #NJ12. Co-Chair of @CBWGCaucus. Tweets from Bonnie signed -BWC.",democrat
37920978,RepGoodlatte,Proudly representing the Sixth Congressional District of Virginia in the U.S. House of Representatives. Chair of @HouseJudiciary. #VA06,republican
74508260,BillPascrell,"Representing the 9th District of New Jersey in the House of Representatives. Member, Ways & Means Committee; Ranking Democrat, Ways & Means Trade Subcommittee.",democrat
806906355214852096,RepRaskin,Proudly serving #MD08. Member of @HouseJudDems @OversightDems @HouseAdm_Dems @USProgressives. https://t.co/SVhVejROog,democrat
14984637,chelliepingree,"Farmer, mother, Maine islander, Member of Congress, lover of root vegetables",democrat
29442313,SenSanders,"Sen. Bernie Sanders is the longest serving independent in congressional history. Tweets ending in -B are from Bernie, and all others are from a staffer.","{senator,independent}"
816833925456789505,RepBarragan,Official account. Honored to represent California's 44th Congressional District #CA44. Member of the @HispanicCaucus @USProgressives  @Dodgers fan.,democrat
402719755,MarkAmodeiNV2,Proudly representing Nevada's 2nd District,republican
234053893,RepRibble,"Just a private citizen who for a while looked behind the curtain of government. Husband, father, grandfather. These are the titles of life.",republican
1880674038,USRepKCastor,Tampa Bay's Congresswoman üá∫üá∏,democrat
7713202,SpeakerBoehner,Official Twitter account for former U.S. House Speaker John Boehner (R-OH),republican
1055907624,RepJoeKennedy,"Official Twitter account of Congressman Joe Kennedy III, representing Massachusetts' 4th Congressional District.",democrat
2914571740,RepMikeBishop,Official account for Congressman Mike Bishop #MI08. Proudly serving on the tax-writing @WaysandMeansGOP.,republican
312134473,RepLindaSanchez,I work for CA-38. Vice Chair @HouseDemocrats. Fmr. @HispanicCaucus Chair. Serve on the @WaysMeansCmte. Die-hard @Dodgers Fan.,democrat
63169388,louiseslaughter,"Honored to serve the people of Rochester and Monroe County, NY. Only microbiologist in Congress and Ranking Member of the House Committee on Rules.",democrat
1065995022,RepWalorski,Representing Indiana's Second Congressional District,republican
25086658,congbillposey,"Congressman from Florida's 8th district, representing the Space and Treasure Coasts",republican
2964174789,SenThomTillis,Official Twitter account of North Carolina U.S. Senator Thom Tillis.,republican
24195214,janschakowsky,"Official Twitter account for Rep. Jan Schakowsky, Illinois 9th Congressional District",democrat
249410485,SanfordBishop,"Proudly representing Georgia's 2nd Congressional District.
Ranking Member of MilCon/VA Approps Subcommittee 
http://t.co/jORrdOYPnj",democrat
310310133,RepStephenLynch,The official Twitter account of Congressman Stephen F. Lynch. Proudly serving the 8th Congressional District of Massachusetts.,democrat
163570705,repcleaver,"This is the official Twitter page of Congressman Emanuel Cleaver, II, representing Missouri's Fifth District.",democrat
2953974395,RepFrenchHill,Official account for Rep French Hill. Ninth generation Arkansan and Little Rock businessman proudly representing Arkansas's Second Congressional District. #AR2,republican
816705409486618624,RepTomSuozzi,"Representing New York's 3rd Congressional District including parts of Queens, Nassau and Suffolk counties. https://t.co/aWr41ZGlpq",democrat
2962868158,RepDonBeyer,"Representing Virginia's 8th District in Congress. VA8 is NoVa:  Arlington, Alexandria, FallsChurch, Fairfax. Vice-Ranking @SciCmteDems. #ActOnClimate #EqualPay",democrat
242836537,SenatorLeahy,,democrat
25781141,repsandylevin,I represent Michigan‚Äôs 9th Congressional District and am the Ranking Member of the House Ways and Means Health Subcommittee.,democrat
816030424778543104,RepCharlieCrist,Representing Florida's 13th Congressional District in the U.S. House of Representatives.,democrat
637143497,Governor_LePage,The official tweets of Governor Paul LePage.  Retweets and follows are not endorsements.,republican
262756641,senorrinhatch,U.S. Senator from Utah. Tweets are by Sen. Hatch's staff; those signed ogh are from Sen. Hatch himself.,republican
242426145,RepMcGovern,Proudly representing the people of the 2nd District of Massachusetts.,democrat
2970462034,RepKathleenRice,U.S. Representative for #NY04 (Long Island). Former Nassau County DA. Tweets from Kathleen are signed -kr,democrat
1444015610,USRepLong,"Representing Missouri‚Äôs 7th District in the United States Congress

Member of the House Energy and Commerce Committee",republican
796183515998068736,RepStephMurphy,Official Twitter account for U.S. Congresswoman Stephanie Murphy - proudly representing Seminole & Orange Counties in the U.S. House of Representatives. #FL07,democrat
2962994194,RepTomMacArthur,Congressman for New Jersey's Third Congressional District,republican
234469322,rep_stevewomack,Proud to serve the folks of Arkansas's 3rd District. Follow me on Facebook:  http://t.co/po5GaonDqA,republican
2914515430,RepTomEmmer,"Husband, father, hockey fan, and Congressman for Minnesota's 6th District.",republican
1289319271,RepChrisSmith,"Proud to represent the 4th Congressional District of New Jersey

https://t.co/dYj7YzIRtq",republican
10615232,ChuckGrassley,"U.S. Senator. Family farmer. Lifetime resident of New Hartford, IA. Also follow @GrassleyPress for news and information.",republican
1262099252,SenBrianSchatz,"Tweets from the Office of U.S. Senator Brian Schatz, representing the great state of Hawaii.",democrat
816111677917851649,RepRooney,Honored to serve the citizens of Florida's 19th Congressional District. Official Government account.,republican
16102244,davereichert,Representative of the Eighth Congressional District in Washington State,republican
168502762,RepEBJ,"Rep. Eddie Bernice Johnson representing TX-30; Ranking Member of the House Committee on Science, Space and Technology; 1st Registered Nurse in Congress",democrat
15281676,CandiceMiller,Proudly serving Michigan's 10th Congressional District,republican
19739126,GOPLeader,I serve as Majority Leader and Representative of California's 23rd district in the U.S. House of Representatives.,republican
34972633,pedropierluisi,I take my responsibility of serving the 3.6 million U.S. citizens of Puerto Rico very seriously and I represent them in Congress with pride.,democrat
2987671552,LarryHogan,62nd Governor of the State of Maryland,republican
2852998461,RepWesterman,Congressman representing 4th District of Arkansas; Vice Chair of Federal Lands Subcommittee. Husband. Father of four. Hot Springs native. Engineer. Forester.,republican
1209417007,SteveScalise,Serving as House Majority Whip and representing LA-01. Follow me on Facebook: http://t.co/mIQZ2Jh9Gt and Instagram: http://t.co/5wuWc45xvq,republican
235190657,RepChuck,My official House office Twitter account. I work for the people of TN-03.,republican
385429543,RepMcNerney,Proudly representing California's 9th Congressional District. Learn more about my work in Congress at http://t.co/MbFWXH7J,democrat
21312077,cbrangel,"Member of the US Congress proudly representing NY's 13th District. Connect with me @cbrangel, https://t.co/lGvwuJPraz and https://t.co/n3g5etgQ8r.",democrat
1883356866,RepJohnDuncanJr,"Proudly serving the people of Tennessee's 2nd District in the U.S. Congress, Vice Chairman of @Transport Committee & Member of @GOPoversight.",republican
111721601,GovernorBullock,Husband. Father of three. Runner. Former Attorney General. Honored to serve as Montana's 24th Governor.,democrat
2951574214,RepGarretGraves,Official Twitter Page of Congressman Garret Graves (LA06),republican
2253968388,RepByrne,I am proud to represent Alabama's First Congressional District in the U.S. House of Representatives.,republican
229966028,SenRubioPress,Official account of U.S. Senator @MarcoRubio's PressShop. For more information please visit his website.,republican
92186819,maziehirono,U.S. Senator Mazie K. Hirono - Proudly Serving the People of Hawaii,democrat
29501253,RepAdamSchiff,Representing California's 28th Congressional District and Ranking Member of the House Intelligence Committee.,democrat
22523087,repjimcooper,Official feed of U.S. Rep. Jim Cooper. Blue Dog Democrat representing Nashville area in Congress. Married with 3 great kids. Tweets by Jim & staff.,democrat
1051446626,RepAnnWagner,"Official Twitter account for Congresswoman Ann Wagner-- proudly Representing the 2nd Congressional District of Missouri
http://t.co/ozYKLyoI",republican
17896154,farenthold,Proudly serving Texas' 27th Congressional District. @GOPoversight @HouseJudiciary @Transport,republican
232268199,NYGovCuomo,Official Twitter account for the Governor of New York State. Social Media Use Policy: https://t.co/Oazy5ahlU6,democrat
1080844782,RepSinema,"Official twitter feed of U.S. Congresswoman Kyrsten Sinema, serving Arizona's 9th District.",democrat
32010840,repgregwalden,Proudly serving the people of Oregon's Second Congressional District.,republican
225921757,SenatorLankford,Serving the State of Oklahoma in the United States Senate,republican
248495200,sethmoulton,"Congressman for #MA6. Let's bring a new generation of leadership to Washington.

All Tweets are my own.",democrat
222286905,RepJoeHeck,Proudly serving Nevada's 3rd Congressional District,republican
950328072,reppittenger,"Official Twitter of U.S. Congressman Robert Pittenger, proudly serving North Carolina's 9th District.",republican
76452765,Robert_Aderholt,Proudly serving the 4th Congressional District of Alabama in Congress,republican
234128524,SenToddYoung,I proudly serve Hoosier families in the U.S. Senate. Contact my office at (202) 224-5623 for assistance. You can also visit our website for additional info.,republican
216881337,RandPaul,"U.S. Senator for Kentucky | I fight for the Constitution, individual liberty and the freedoms that make this country great.",republican
237299871,RepMoBrooks,Thanks for following me. I'm the Congressman for Alabama's Fifth District and this is my official Twitter page. It's an honor to serve you.,republican
790257384572743680,YvetteClarke,,democrat
486694111,SenJackReed,Official Twitter feed of Rhode Island‚Äôs U.S. Senator Jack Reed.,democrat
90651198,GregAbbott_TX,Texas Governor Greg Abbott's Personal Twitter Feed,republican
1074278209,BilboBagman,"Social Progressive but, in this fascist area of the state of Florida, GOP fill the ballot. Go Navy #VETS #OFA. RTs do not imply endorsement.",democrat
2750127259,RepLeeZeldin,Official Twitter of U.S. Congressman Lee Zeldin of New York's 1st Congressional District.,republican
17976923,cathymcmorris,"Proudly serving Washington's beautiful 5th District in Congress, Chair of the House Republican Conference. Mom of three.",republican
2853309155,RepCurbelo,"Representing Florida's 26th Congressional District, Husband, Dad, Catholic, Son of Cuban exiles, GOP, UM gradx2, Belen Jesuit",republican
41017380,AlanGrayson,Representing Florida's 9th district in Congress.,democrat
237814920,RepHultgren,Member of Congress proudly representing IL-14. Member: @HouseScience @FinancialCmte Committees. Co-Chairman: @TLHumanRights. FB profile: http://t.co/cAzY81jGee,republican
1077446982,RepRWilliams,I am honored to represent the 25th Congressional District of Texas. Member of @FinancialCmte.,republican
19418459,JerryBrownGov,On Facebook at: http://t.co/ZhAotX27jb,democrat
811313565760163844,SenCortezMasto,U.S. Senator from the great state of Nevada.,democrat
937723303,RepJohnDelaney,"Official Twitter page for Congressman John K. Delaney, representing Maryland‚Äôs Sixth Congressional District in the U.S. House of Representatives.",democrat
20002401,RepSteveIsrael,"Recovering Congressman. Author of ""The Global War On Morris.""",democrat
1060984272,RepEsty,"Mom, community advocate, and U.S. Representative for Connecticut's 5th Congressional District. This is the official account for my Congressional office.",democrat
235373000,RepHanabusa,Proudly Representing Hawaii's First Congressional District,democrat
816652616625168388,RepAndyBiggsAZ,Representing the 5th Congressional District of Arizona.,republican
236279233,NormaJTorres,U.S. Representative for California's 35th District,democrat
28602948,RepRaulGrijalva,,democrat
27754737,TeaPartyCat,I was never a Reagan Democrat-- I've always been a Colbert Conservative.,democrat
31611298,jahimes,Connecticut Congressman. Reader. Runner. Swimmer. And I make maple syrup.,democrat
291756142,SenatorEnzi,Mike Enzi is Wyoming‚Äôs 20th U.S. Senator. His joy of representing Wyoming is topped by few things. (Being a grandfather and fly-fishing are two).,republican
84620376,RepFleming,The Official Twitter account for the office of Congressman John Fleming M.D. (R-LA). Retweets or Mentions do not equal endorsements.,republican
76456274,SenStabenow,Representing the people from the Great State of Michigan in the United States Senate,democrat
252819642,RepKevinYoder,"I represent the 3rd District of Kansas in the United States Congress, where I serve on the House Appropriations Committee.",republican
233693291,RepRickCrawford,"Follow me on instagram: https://t.co/z0CXmmrsLM
Representing Arkansas's 1st District in the United States Congress.",republican
1128514404,RepDavidValadao,Proudly Representing California's 21st Congressional District.,republican
742735530287304704,WarrenDavidson,U.S. Congressman serving the 8th District of Ohio. Constitutionalist and former Army Ranger. We cannot bankrupt America. Tweets from the congressman signed -WD.,republican
2929491549,RepBrianBabin,Honored to serve citizens of #TX36 in U.S. Congress. Chairman of @HouseScience Space Subcommittee and Member of House @Transport Committee.,republican
